<?xml version="1.0"?>
<material>
	<technique name="Techniques/NoTexture.xml" quality="0" loddistance="0" />
	<parameter name="UOffset" value="1 0 0 0" />
	<parameter name="VOffset" value="0 1 0 0" />
	<parameter name="MatDiffColor" value="0.65 0.45 0.3 1" />
	<parameter name="MatEmissiveColor" value="0 0 0" />
	<parameter name="MatEnvMapColor" value="1 1 1" />
	<parameter name="MatSpecColor" value="100 100 100 1e+08" />
	<parameter name="Roughness" value="0" />
	<parameter name="Metallic" value="0" />
	<cull value="ccw" />
	<shadowcull value="ccw" />
	<fill value="solid" />
	<depthbias constant="0" slopescaled="0" />
	<alphatocoverage enable="false" />
	<lineantialias enable="false" />
	<renderorder value="128" />
	<occlusion enable="true" />
</material>
