<?xml version="1.0"?>
<element type="Window">
	<attribute name="Name" value="EditorColorWheel" />
	<attribute name="Size" value="400 450" />
	<attribute name="Is Movable" value="true" />
	<element>
		<attribute name="Name" value="ColorWheelBWGradient" />
		<attribute name="Position" value="10 34" />
		<attribute name="Size" value="256 256" />
		<attribute name="Layout Mode" value="Vertical" />
		<element>
			<element type="BorderImage">
				<attribute name="Name" value="ColorWheel" />
				<attribute name="Size" value="256 256" />
				<attribute name="Is Enabled" value="true" />
				<attribute name="Texture" value="Texture2D;Textures/Editor/HSV20.png" />
				<attribute name="Image Rect" value="0 0 256 256" />
				<attribute name="Blend Mode" value="alpha" />
				<element type="BorderImage">
					<attribute name="Name" value="ColorCursor" />
					<attribute name="Position" value="124 124" />
					<attribute name="Size" value="16 16" />
					<attribute name="Image Rect" value="62 83 78 99" />
				</element>
			</element>
			<element type="BorderImage">
				<attribute name="Name" value="BWGradient" />
				<attribute name="Position" value="287 0" />
				<attribute name="Size" value="64 256" />
				<attribute name="Is Editable" value="false" />
				<attribute name="Texture" value="Texture2D;Textures/Editor/BW.png" />
				<attribute name="Image Rect" value="0 0 64 256" />
				<attribute name="Blend Mode" value="alpha" />
				<element type="BorderImage">
					<attribute name="Name" value="BWCursor" />
					<attribute name="Size" value="61 15" />
					<attribute name="Is Editable" value="false" />
					<attribute name="Image Rect" value="0 84 61 99" />
					<attribute name="Position" value="1 0" />
				</element>
			</element>
		</element>
	</element>
	<element>
		<attribute name="Name" value="WindowTitle" />
		<attribute name="Is Enabled" value="true" />
		<attribute name="Is Editable" value="false" />
		<element type="Text">
			<attribute name="Position" value="8 6" />
			<attribute name="Top Left Color" value="0.85 0.85 0.85 1" />
			<attribute name="Top Right Color" value="0.85 0.85 0.85 1" />
			<attribute name="Bottom Left Color" value="0.85 0.85 0.85 1" />
			<attribute name="Bottom Right Color" value="0.85 0.85 0.85 1" />
			<attribute name="Is Editable" value="false" />
			<attribute name="Layout Mode" value="Vertical" />
			<attribute name="Text" value="Color HSV Wheel" />
		</element>
		<element type="BorderImage" style="EditorDivider">
			<attribute name="Position" value="4 21" />
			<attribute name="Size" value="394 11" />
		</element>
		<element type="Button" style="CloseButton">
			<attribute name="Name" value="CloseButton" />
			<attribute name="Position" value="380 5" />
			<attribute name="Is Editable" value="false" />
			<attribute name="Is Selected" value="true" />
			<attribute name="Focus Mode" value="FocusableDefocusable" />
		</element>
	</element>
	<element>
		<attribute name="Name" value="ViewValues" />
		<attribute name="Position" value="0 300" />
		<attribute name="Size" value="400 140" />
		<attribute name="Layout Mode" value="Vertical" />
		<element>
			<attribute name="Name" value="ColorValues" />
			<attribute name="Layout Mode" value="Horizontal" />
			<element>
				<attribute name="Layout Mode" value="Vertical" />
				<element>
					<attribute name="Name" value="RGBLine" />
					<attribute name="Layout Mode" value="Horizontal" />
					<element type="Text">
						<attribute name="Top Left Color" value="0.85 0.85 0.85 1" />
						<attribute name="Top Right Color" value="0.85 0.85 0.85 1" />
						<attribute name="Bottom Left Color" value="0.85 0.85 0.85 1" />
						<attribute name="Bottom Right Color" value="0.85 0.85 0.85 1" />
						<attribute name="Text" value="RGB" />
						<attribute name="Text Alignment" value="Center" />
					</element>
					<element type="LineEdit">
						<attribute name="Name" value="R" />
						<attribute name="Max Length" value="4" />
						<element type="Text" internal="true" style="none">
							<attribute name="Top Left Color" value="0.9 1 0.9 1" />
							<attribute name="Top Right Color" value="0.9 1 0.9 1" />
							<attribute name="Bottom Left Color" value="0.9 1 0.9 1" />
							<attribute name="Bottom Right Color" value="0.9 1 0.9 1" />
							<attribute name="Text" value="1" />
						</element>
						<element type="BorderImage" internal="true" style="none">
							<attribute name="Size" value="4 15" />
						</element>
					</element>
					<element type="LineEdit">
						<attribute name="Name" value="G" />
						<attribute name="Max Length" value="4" />
						<element type="Text" internal="true" style="none">
							<attribute name="Top Left Color" value="0.9 1 0.9 1" />
							<attribute name="Top Right Color" value="0.9 1 0.9 1" />
							<attribute name="Bottom Left Color" value="0.9 1 0.9 1" />
							<attribute name="Bottom Right Color" value="0.9 1 0.9 1" />
							<attribute name="Text" value="1" />
						</element>
						<element type="BorderImage" internal="true" style="none">
							<attribute name="Size" value="4 15" />
						</element>
					</element>
					<element type="LineEdit">
						<attribute name="Name" value="B" />
						<attribute name="Max Length" value="4" />
						<element type="Text" internal="true" style="none">
							<attribute name="Top Left Color" value="0.9 1 0.9 1" />
							<attribute name="Top Right Color" value="0.9 1 0.9 1" />
							<attribute name="Bottom Left Color" value="0.9 1 0.9 1" />
							<attribute name="Bottom Right Color" value="0.9 1 0.9 1" />
							<attribute name="Text" value="1" />
						</element>
						<element type="BorderImage" internal="true" style="none">
							<attribute name="Size" value="4 15" />
						</element>
					</element>
				</element>
				<element>
					<attribute name="Name" value="HSVLine" />
					<attribute name="Layout Mode" value="Horizontal" />
					<element type="Text">
						<attribute name="Top Left Color" value="0.85 0.85 0.85 1" />
						<attribute name="Top Right Color" value="0.85 0.85 0.85 1" />
						<attribute name="Bottom Left Color" value="0.85 0.85 0.85 1" />
						<attribute name="Bottom Right Color" value="0.85 0.85 0.85 1" />
						<attribute name="Text" value="HSV" />
						<attribute name="Text Alignment" value="Center" />
					</element>
					<element type="LineEdit">
						<attribute name="Name" value="H" />
						<attribute name="Max Length" value="4" />
						<element type="Text" internal="true" style="none">
							<attribute name="Top Left Color" value="0.9 1 0.9 1" />
							<attribute name="Top Right Color" value="0.9 1 0.9 1" />
							<attribute name="Bottom Left Color" value="0.9 1 0.9 1" />
							<attribute name="Bottom Right Color" value="0.9 1 0.9 1" />
							<attribute name="Text" value="1" />
						</element>
						<element type="BorderImage" internal="true" style="none">
							<attribute name="Size" value="4 15" />
						</element>
					</element>
					<element type="LineEdit">
						<attribute name="Name" value="S" />
						<attribute name="Max Length" value="4" />
						<element type="Text" internal="true" style="none">
							<attribute name="Top Left Color" value="0.9 1 0.9 1" />
							<attribute name="Top Right Color" value="0.9 1 0.9 1" />
							<attribute name="Bottom Left Color" value="0.9 1 0.9 1" />
							<attribute name="Bottom Right Color" value="0.9 1 0.9 1" />
							<attribute name="Text" value="1" />
						</element>
						<element type="BorderImage" internal="true" style="none">
							<attribute name="Size" value="4 15" />
						</element>
					</element>
					<element type="LineEdit">
						<attribute name="Name" value="V" />
						<attribute name="Max Length" value="4" />
						<element type="Text" internal="true" style="none">
							<attribute name="Top Left Color" value="0.9 1 0.9 1" />
							<attribute name="Top Right Color" value="0.9 1 0.9 1" />
							<attribute name="Bottom Left Color" value="0.9 1 0.9 1" />
							<attribute name="Bottom Right Color" value="0.9 1 0.9 1" />
							<attribute name="Text" value="1" />
						</element>
						<element type="BorderImage" internal="true" style="none">
							<attribute name="Size" value="4 15" />
						</element>
					</element>
				</element>
			</element>
			<element>
				<attribute name="Clip Children" value="true" />
				<element type="BorderImage">
					<attribute name="Name" value="Chess" />
					<attribute name="Size" value="200 33" />
					<attribute name="Image Rect" value="2 102 18 118" />
					<attribute name="Tiled" value="true" />
				</element>
				<element type="BorderImage">
					<attribute name="Name" value="ColorCheck" />
					<attribute name="Size" value="200 33" />
					<attribute name="Priority" value="1" />
					<attribute name="Image Rect" value="83 86 94 98" />
					<attribute name="Blend Mode" value="alpha" />
					<attribute name="Image Border" value="1 1 1 1" />
				</element>
			</element>
		</element>
		<element>
			<attribute name="Name" value="AlphaValue" />
			<attribute name="Layout Mode" value="Horizontal" />
			<element>
				<attribute name="Layout Mode" value="Horizontal" />
				<element type="Text">
					<attribute name="Vert Alignment" value="Center" />
					<attribute name="Top Left Color" value="0.85 0.85 0.85 1" />
					<attribute name="Top Right Color" value="0.85 0.85 0.85 1" />
					<attribute name="Bottom Left Color" value="0.85 0.85 0.85 1" />
					<attribute name="Bottom Right Color" value="0.85 0.85 0.85 1" />
					<attribute name="Text" value="Opacity" />
					<attribute name="Text Alignment" value="Center" />
				</element>
				<element>
					<attribute name="Min Size" value="24 15" />
					<element type="LineEdit">
						<attribute name="Name" value="A" />
						<attribute name="Size" value="70 18" />
						<attribute name="Min Size" value="24 15" />
						<attribute name="Horiz Alignment" value="Center" />
						<attribute name="Vert Alignment" value="Center" />
						<attribute name="Max Length" value="5" />
						<element type="Text" internal="true" style="none">
							<attribute name="Top Left Color" value="0.9 1 0.9 1" />
							<attribute name="Top Right Color" value="0.9 1 0.9 1" />
							<attribute name="Bottom Left Color" value="0.9 1 0.9 1" />
							<attribute name="Bottom Right Color" value="0.9 1 0.9 1" />
							<attribute name="Text" value="1.0" />
						</element>
						<element type="BorderImage" internal="true" style="none">
							<attribute name="Size" value="4 15" />
						</element>
					</element>
				</element>
			</element>
			<element>
				<element type="BorderImage">
					<attribute name="Name" value="Chess" />
					<attribute name="Size" value="200 27" />
					<attribute name="Is Editable" value="false" />
					<attribute name="Image Rect" value="2 102 18 118" />
					<attribute name="Tiled" value="true" />
					<element type="BorderImage">
						<attribute name="Name" value="AGradient" />
						<attribute name="Size" value="200 27" />
						<attribute name="Is Editable" value="false" />
						<attribute name="Image Rect" value="0 120 200 128" />
						<attribute name="Blend Mode" value="alpha" />
						<element type="BorderImage">
							<attribute name="Name" value="ACursor" />
							<attribute name="Position" value="0 1" />
							<attribute name="Size" value="14 25" />
							<attribute name="Image Rect" value="131 87 144 112" />
							<attribute name="Blend Mode" value="alpha" />
						</element>
					</element>
				</element>
			</element>
		</element>
		<element>
			<attribute name="Name" value="History" />
			<attribute name="Is Enabled" value="true" />
			<attribute name="Is Editable" value="false" />
			<attribute name="Layout Mode" value="Horizontal" />
			<attribute name="Layout Spacing" value="5" />
			<element type="BorderImage">
				<attribute name="Name" value="Chess" />
				<attribute name="Layout Mode" value="Horizontal" />
				<attribute name="Image Rect" value="2 102 18 118" />
				<attribute name="Tiled" value="true" />
				<element type="BorderImage">
					<attribute name="Name" value="h0" />
					<attribute name="Is Enabled" value="true" />
					<attribute name="Is Editable" value="false" />
					<attribute name="Is Selected" value="true" />
					<attribute name="Image Rect" value="83 86 94 98" />
					<attribute name="Blend Mode" value="alpha" />
					<attribute name="Image Border" value="1 1 1 1" />
				</element>
				<element type="BorderImage">
					<attribute name="Name" value="h1" />
					<attribute name="Is Enabled" value="true" />
					<attribute name="Is Editable" value="false" />
					<attribute name="Is Selected" value="true" />
					<attribute name="Image Rect" value="83 86 94 98" />
					<attribute name="Blend Mode" value="alpha" />
					<attribute name="Image Border" value="1 1 1 1" />
				</element>
				<element type="BorderImage">
					<attribute name="Name" value="h2" />
					<attribute name="Is Enabled" value="true" />
					<attribute name="Is Editable" value="false" />
					<attribute name="Is Selected" value="true" />
					<attribute name="Image Rect" value="83 86 94 98" />
					<attribute name="Blend Mode" value="alpha" />
					<attribute name="Image Border" value="1 1 1 1" />
				</element>
				<element type="BorderImage">
					<attribute name="Name" value="h3" />
					<attribute name="Is Enabled" value="true" />
					<attribute name="Is Editable" value="false" />
					<attribute name="Is Selected" value="true" />
					<attribute name="Image Rect" value="83 86 94 98" />
					<attribute name="Blend Mode" value="alpha" />
					<attribute name="Image Border" value="1 1 1 1" />
				</element>
				<element type="BorderImage">
					<attribute name="Name" value="h4" />
					<attribute name="Is Enabled" value="true" />
					<attribute name="Is Editable" value="false" />
					<attribute name="Is Selected" value="true" />
					<attribute name="Image Rect" value="83 86 94 98" />
					<attribute name="Blend Mode" value="alpha" />
					<attribute name="Image Border" value="1 1 1 1" />
				</element>
				<element type="BorderImage">
					<attribute name="Name" value="h5" />
					<attribute name="Is Enabled" value="true" />
					<attribute name="Is Editable" value="false" />
					<attribute name="Is Selected" value="true" />
					<attribute name="Image Rect" value="83 86 94 98" />
					<attribute name="Blend Mode" value="alpha" />
					<attribute name="Image Border" value="1 1 1 1" />
				</element>
				<element type="BorderImage">
					<attribute name="Name" value="h6" />
					<attribute name="Is Enabled" value="true" />
					<attribute name="Is Editable" value="false" />
					<attribute name="Is Selected" value="true" />
					<attribute name="Image Rect" value="83 86 94 98" />
					<attribute name="Blend Mode" value="alpha" />
					<attribute name="Image Border" value="1 1 1 1" />
				</element>
				<element type="BorderImage">
					<attribute name="Name" value="h7" />
					<attribute name="Is Enabled" value="true" />
					<attribute name="Is Editable" value="false" />
					<attribute name="Is Selected" value="true" />
					<attribute name="Image Rect" value="83 86 94 98" />
					<attribute name="Blend Mode" value="alpha" />
					<attribute name="Image Border" value="1 1 1 1" />
				</element>
			</element>
		</element>
		<element />
		<element>
			<attribute name="Name" value="DialogButtons" />
			<attribute name="Is Editable" value="false" />
			<attribute name="Layout Mode" value="Horizontal" />
			<attribute name="Layout Spacing" value="10" />
			<element type="Button">
				<attribute name="Name" value="okButton" />
				<attribute name="Min Size" value="16 15" />
				<attribute name="Vert Alignment" value="Center" />
				<element type="Text">
					<attribute name="Horiz Alignment" value="Center" />
					<attribute name="Vert Alignment" value="Center" />
					<attribute name="Top Left Color" value="0.85 0.85 0.85 1" />
					<attribute name="Top Right Color" value="0.85 0.85 0.85 1" />
					<attribute name="Bottom Left Color" value="0.85 0.85 0.85 1" />
					<attribute name="Bottom Right Color" value="0.85 0.85 0.85 1" />
					<attribute name="Text" value="OK" />
					<attribute name="Text Alignment" value="Center" />
				</element>
			</element>
			<element type="Button">
				<attribute name="Name" value="cancelButton" />
				<element type="Text">
					<attribute name="Horiz Alignment" value="Center" />
					<attribute name="Vert Alignment" value="Center" />
					<attribute name="Top Left Color" value="0.85 0.85 0.85 1" />
					<attribute name="Top Right Color" value="0.85 0.85 0.85 1" />
					<attribute name="Bottom Left Color" value="0.85 0.85 0.85 1" />
					<attribute name="Bottom Right Color" value="0.85 0.85 0.85 1" />
					<attribute name="Text" value="Cancel" />
				</element>
			</element>
		</element>
	</element>
</element>
