<elements>
    <element type="Scene">
        <attribute name="Texture" value="Texture2D;Textures/Editor/EditorIcons.png" />
        <attribute name="Image Rect" value="16 0 30 14" />
    </element>
    <element type="Node">
        <attribute name="Texture" value="Texture2D;Textures/Editor/EditorIcons.png" />
        <attribute name="Image Rect" value="0 0 14 14" />
    </element>
    <element type="AnimatedModel">
        <attribute name="Texture" value="Texture2D;Textures/Editor/EditorIcons.png" />
        <attribute name="Image Rect" value="32 16 46 30" />
    </element>
    <element type="AnimationController">
        <attribute name="Texture" value="Texture2D;Textures/Editor/EditorIcons.png" />
        <attribute name="Image Rect" value="128 0 142 14" />
    </element>
    <element type="BillboardSet">
        <attribute name="Texture" value="Texture2D;Textures/Editor/EditorIcons.png" />
        <attribute name="Image Rect" value="48 16 62 30" />
    </element>
    <element type="Camera">
        <attribute name="Texture" value="Texture2D;Textures/Editor/EditorIcons.png" />
        <attribute name="Image Rect" value="176 0 190 14" />
    </element>
    <element type="CollisionShape">
        <attribute name="Texture" value="Texture2D;Textures/Editor/EditorIcons.png" />
        <attribute name="Image Rect" value="96 0 110 14" />
    </element>
    <element type="CollisionBox2D">
        <attribute name="Texture" value="Texture2D;Textures/Editor/EditorIcons.png" />
        <attribute name="Image Rect" value="96 0 110 14" />
    </element>
    <element type="CollisionChain2D">
        <attribute name="Texture" value="Texture2D;Textures/Editor/EditorIcons.png" />
        <attribute name="Image Rect" value="96 0 110 14" />
    </element>
    <element type="CollisionCircle2D">
        <attribute name="Texture" value="Texture2D;Textures/Editor/EditorIcons.png" />
        <attribute name="Image Rect" value="96 0 110 14" />
    </element>
    <element type="CollisionEdge2D">
        <attribute name="Texture" value="Texture2D;Textures/Editor/EditorIcons.png" />
        <attribute name="Image Rect" value="96 0 110 14" />
    </element>
    <element type="CollisionPolygon2D">
        <attribute name="Texture" value="Texture2D;Textures/Editor/EditorIcons.png" />
        <attribute name="Image Rect" value="96 0 110 14" />
    </element>
    <element type="Constraint">
        <attribute name="Texture" value="Texture2D;Textures/Editor/EditorIcons.png" />
        <attribute name="Image Rect" value="112 0 126 14" />
    </element>
    <element type="ConstraintDistance2D">
        <attribute name="Texture" value="Texture2D;Textures/Editor/EditorIcons.png" />
        <attribute name="Image Rect" value="112 0 126 14" />
    </element>
    <element type="ConstraintFriction2D">
        <attribute name="Texture" value="Texture2D;Textures/Editor/EditorIcons.png" />
        <attribute name="Image Rect" value="112 0 126 14" />
    </element>
    <element type="ConstraintGear2D">
        <attribute name="Texture" value="Texture2D;Textures/Editor/EditorIcons.png" />
        <attribute name="Image Rect" value="112 0 126 14" />
    </element>
    <element type="ConstraintMotor2D">
        <attribute name="Texture" value="Texture2D;Textures/Editor/EditorIcons.png" />
        <attribute name="Image Rect" value="112 0 126 14" />
    </element>
    <element type="ConstraintMouse2D">
        <attribute name="Texture" value="Texture2D;Textures/Editor/EditorIcons.png" />
        <attribute name="Image Rect" value="112 0 126 14" />
    </element>
    <element type="ConstraintPrismatic2D">
        <attribute name="Texture" value="Texture2D;Textures/Editor/EditorIcons.png" />
        <attribute name="Image Rect" value="112 0 126 14" />
    </element>
    <element type="ConstraintPulley2D">
        <attribute name="Texture" value="Texture2D;Textures/Editor/EditorIcons.png" />
        <attribute name="Image Rect" value="112 0 126 14" />
    </element>
    <element type="ConstraintRevolute2D">
        <attribute name="Texture" value="Texture2D;Textures/Editor/EditorIcons.png" />
        <attribute name="Image Rect" value="112 0 126 14" />
    </element>
    <element type="ConstraintRope2D">
        <attribute name="Texture" value="Texture2D;Textures/Editor/EditorIcons.png" />
        <attribute name="Image Rect" value="112 0 126 14" />
    </element>
    <element type="ConstraintWeld2D">
        <attribute name="Texture" value="Texture2D;Textures/Editor/EditorIcons.png" />
        <attribute name="Image Rect" value="112 0 126 14" />
    </element>
    <element type="ConstraintWheel2D">
        <attribute name="Texture" value="Texture2D;Textures/Editor/EditorIcons.png" />
        <attribute name="Image Rect" value="112 0 126 14" />
    </element>
    <element type="CustomGeometry">
        <attribute name="Texture" value="Texture2D;Textures/Editor/EditorIcons.png" />
        <attribute name="Image Rect" value="32 0 46 14" />
    </element>
    <element type="DebugRenderer">
        <attribute name="Texture" value="Texture2D;Textures/Editor/EditorIcons.png" />
        <attribute name="Image Rect" value="160 0 174 14" />
    </element>
    <element type="DecalSet">
        <attribute name="Texture" value="Texture2D;Textures/Editor/EditorIcons.png" />
        <attribute name="Image Rect" value="48 16 62 30" />
    </element>
    <element type="IKSolver">
        <attribute name="Texture" value="Texture2D;Textures/Editor/EditorIcons.png" />
        <attribute name="Image Rect" value="160 0 174 14" />
    </element>
    <element type="IKConstraint">
        <attribute name="Texture" value="Texture2D;Textures/Editor/EditorIcons.png" />
        <attribute name="Image Rect" value="160 0 174 14" />
    </element>
    <element type="IKEffector">
        <attribute name="Texture" value="Texture2D;Textures/Editor/EditorIcons.png" />
        <attribute name="Image Rect" value="192 16 206 30" />
    </element>
    <element type="Light">
        <attribute name="Texture" value="Texture2D;Textures/Editor/EditorIcons.png" />
        <attribute name="Image Rect" value="48 0 62 14" />
    </element>
    <element type="NetworkPriority">
        <attribute name="Texture" value="Texture2D;Textures/Editor/EditorIcons.png" />
        <attribute name="Image Rect" value="144 0 158 14" />
    </element>
    <element type="Octree">
        <attribute name="Texture" value="Texture2D;Textures/Editor/EditorIcons.png" />
        <attribute name="Image Rect" value="160 0 174 14" />
    </element>
    <element type="ParticleEmitter">
        <attribute name="Texture" value="Texture2D;Textures/Editor/EditorIcons.png" />
        <attribute name="Image Rect" value="0 16 14 30" />
    </element>
    <element type="PhysicsWorld">
        <attribute name="Texture" value="Texture2D;Textures/Editor/EditorIcons.png" />
        <attribute name="Image Rect" value="160 0 174 14" />
    </element>
    <element type="PhysicsWorld2D">
        <attribute name="Texture" value="Texture2D;Textures/Editor/EditorIcons.png" />
        <attribute name="Image Rect" value="160 0 174 14" />
    </element>
    <element type="Renderer2D">
        <attribute name="Texture" value="Texture2D;Textures/Editor/EditorIcons.png" />
        <attribute name="Image Rect" value="160 0 174 14" />
    </element>
    <element type="RigidBody">
        <attribute name="Texture" value="Texture2D;Textures/Editor/EditorIcons.png" />
        <attribute name="Image Rect" value="80 0 94 14" />
    </element>
    <element type="RigidBody2D">
        <attribute name="Texture" value="Texture2D;Textures/Editor/EditorIcons.png" />
        <attribute name="Image Rect" value="80 0 94 14" />
    </element>
    <element type="ScriptInstance">
        <attribute name="Texture" value="Texture2D;Textures/Editor/EditorIcons.png" />
        <attribute name="Image Rect" value="64 0 78 14" />
    </element>
    <element type="LuaScriptInstance">
        <attribute name="Texture" value="Texture2D;Textures/Editor/EditorIcons.png" />
        <attribute name="Image Rect" value="64 0 78 14" />
    </element>
    <element type="Skybox">
        <attribute name="Texture" value="Texture2D;Textures/Editor/EditorIcons.png" />
        <attribute name="Image Rect" value="16 16 30 30" />
    </element>
    <element type="SmoothedTransform">
        <attribute name="Texture" value="Texture2D;Textures/Editor/EditorIcons.png" />
        <attribute name="Image Rect" value="144 0 158 14" />
    </element>
    <element type="SoundListener">
        <attribute name="Texture" value="Texture2D;Textures/Editor/EditorIcons.png" />
        <attribute name="Image Rect" value="192 0 206 14" />
    </element>
    <element type="SoundSource">
        <attribute name="Texture" value="Texture2D;Textures/Editor/EditorIcons.png" />
        <attribute name="Image Rect" value="208 0 222 14" />
    </element>
    <element type="SoundSource3D">
        <attribute name="Texture" value="Texture2D;Textures/Editor/EditorIcons.png" />
        <attribute name="Image Rect" value="208 0 222 14" />
    </element>
    <element type="StaticModel">
        <attribute name="Texture" value="Texture2D;Textures/Editor/EditorIcons.png" />
        <attribute name="Image Rect" value="32 0 46 14" />
    </element>
    <element type="StaticModelGroup">
        <attribute name="Texture" value="Texture2D;Textures/Editor/EditorIcons.png" />
        <attribute name="Image Rect" value="32 0 46 14" />
    </element>
    <element type="Terrain">
        <attribute name="Texture" value="Texture2D;Textures/Editor/EditorIcons.png" />
        <attribute name="Image Rect" value="224 0 238 14" />
    </element>
    <element type="TerrainPatch">
        <attribute name="Texture" value="Texture2D;Textures/Editor/EditorIcons.png" />
        <attribute name="Image Rect" value="224 0 238 14" />
    </element>
    <element type="Zone">
        <attribute name="Texture" value="Texture2D;Textures/Editor/EditorIcons.png" />
        <attribute name="Image Rect" value="240 0 254 14" />
    </element>
    <element type="NavigationMesh">
        <attribute name="Texture" value="Texture2D;Textures/Editor/EditorIcons.png" />
        <attribute name="Image Rect" value="64 16 78 30" />
    </element>
    <element type="DynamicNavigationMesh">
        <attribute name="Texture" value="Texture2D;Textures/Editor/EditorIcons.png" />
        <attribute name="Image Rect" value="64 16 78 30" />
    </element>
    <element type="Navigable">
        <attribute name="Texture" value="Texture2D;Textures/Editor/EditorIcons.png" />
        <attribute name="Image Rect" value="64 16 78 30" />
    </element>
    <element type="NavArea">
        <attribute name="Texture" value="Texture2D;Textures/Editor/EditorIcons.png" />
        <attribute name="Image Rect" value="240 0 254 14" />
    </element>
    <element type="CrowdManager">
        <attribute name="Texture" value="Texture2D;Textures/Editor/EditorIcons.png" />
        <attribute name="Image Rect" value="128 16 142 30" />
    </element>
    <element type="CrowdAgent">
        <attribute name="Texture" value="Texture2D;Textures/Editor/EditorIcons.png" />
        <attribute name="Image Rect" value="144 16 158 30" />
    </element>
    <element type="Obstacle">
        <attribute name="Texture" value="Texture2D;Textures/Editor/EditorIcons.png" />
        <attribute name="Image Rect" value="160 16 174 30" />
    </element>
    <element type="Text3D">
        <attribute name="Texture" value="Texture2D;Textures/Editor/EditorIcons.png" />
        <attribute name="Image Rect" value="80 16 94 30" />
    </element>
    <element type="OffMeshConnection">
        <attribute name="Texture" value="Texture2D;Textures/Editor/EditorIcons.png" />
        <attribute name="Image Rect" value="96 16 110 30" />
    </element>
    <element type="SplinePath">
        <attribute name="Texture" value="Texture2D;Textures/Editor/EditorIcons.png" />
        <attribute name="Image Rect" value="96 16 110 30" />
    </element>
    <element type="RootUIElement">
        <attribute name="Texture" value="Texture2D;Textures/Editor/EditorIcons.png" />
        <attribute name="Image Rect" value="0 32 14 46" />
    </element>
    <element type="UIElement">
        <attribute name="Texture" value="Texture2D;Textures/Editor/EditorIcons.png" />
        <attribute name="Image Rect" value="16 32 30 46" />
    </element>
    <element type="UISelectable">
        <attribute name="Texture" value="Texture2D;Textures/Editor/EditorIcons.png" />
        <attribute name="Image Rect" value="16 32 30 46" />
    </element>
    <element type="HierarchyContainer">
        <attribute name="Texture" value="Texture2D;Textures/Editor/EditorIcons.png" />
        <attribute name="Image Rect" value="16 32 30 46" />
    </element>
    <element type="BorderImage">
        <attribute name="Texture" value="Texture2D;Textures/Editor/EditorIcons.png" />
        <attribute name="Image Rect" value="48 32 62 46" />
    </element>
    <element type="Button">
        <attribute name="Texture" value="Texture2D;Textures/Editor/EditorIcons.png" />
        <attribute name="Image Rect" value="80 32 94 46" />
    </element>
    <element type="Menu">
        <attribute name="Texture" value="Texture2D;Textures/Editor/EditorIcons.png" />
        <attribute name="Image Rect" value="192 32 206 46" />
    </element>
    <element type="DropDownList">
        <attribute name="Texture" value="Texture2D;Textures/Editor/EditorIcons.png" />
        <attribute name="Image Rect" value="192 32 206 46" />
    </element>
    <element type="CheckBox">
        <attribute name="Texture" value="Texture2D;Textures/Editor/EditorIcons.png" />
        <attribute name="Image Rect" value="96 32 110 46" />
    </element>
    <element type="Cursor">
        <attribute name="Texture" value="Texture2D;Textures/Editor/EditorIcons.png" />
        <attribute name="Image Rect" value="224 32 238 46" />
    </element>
    <element type="LineEdit">
        <attribute name="Texture" value="Texture2D;Textures/Editor/EditorIcons.png" />
        <attribute name="Image Rect" value="240 32 254 46" />
    </element>
    <element type="ProgressBar">
        <attribute name="Texture" value="Texture2D;Textures/Editor/EditorIcons.png" />
        <attribute name="Image Rect" value="0 48 14 62" />
    </element>
    <element type="Slider">
        <attribute name="Texture" value="Texture2D;Textures/Editor/EditorIcons.png" />
        <attribute name="Image Rect" value="112 32 126 46" />
    </element>
    <element type="Window">
        <attribute name="Texture" value="Texture2D;Textures/Editor/EditorIcons.png" />
        <attribute name="Image Rect" value="144 32 158 46" />
    </element>
    <element type="View3D">
        <attribute name="Texture" value="Texture2D;Textures/Editor/EditorIcons.png" />
        <attribute name="Image Rect" value="144 32 158 46" />
    </element>
    <element type="ScrollBar">
        <attribute name="Texture" value="Texture2D;Textures/Editor/EditorIcons.png" />
        <attribute name="Image Rect" value="128 32 142 46" />
    </element>
    <element type="ScrollView">
        <attribute name="Texture" value="Texture2D;Textures/Editor/EditorIcons.png" />
        <attribute name="Image Rect" value="160 32 174 46" />
    </element>
    <element type="ListView">
        <attribute name="Texture" value="Texture2D;Textures/Editor/EditorIcons.png" />
        <attribute name="Image Rect" value="176 32 190 46" />
    </element>
    <element type="Sprite">
        <attribute name="Texture" value="Texture2D;Textures/Editor/EditorIcons.png" />
        <attribute name="Image Rect" value="208 32 222 46" />
    </element>
    <element type="Text">
        <attribute name="Texture" value="Texture2D;Textures/Editor/EditorIcons.png" />
        <attribute name="Image Rect" value="64 32 78 46" />
    </element>
    <element type="ToolTip">
        <attribute name="Texture" value="Texture2D;Textures/Editor/EditorIcons.png" />
        <attribute name="Image Rect" value="64 32 78 46" />
    </element>
    <element type="StaticSprite2D">
        <attribute name="Texture" value="Texture2D;Textures/Editor/EditorIcons.png" />
        <attribute name="Image Rect" value="48 16 62 30" />
    </element>
    <element type="AnimatedSprite2D">
        <attribute name="Texture" value="Texture2D;Textures/Editor/EditorIcons.png" />
        <attribute name="Image Rect" value="48 16 62 30" />
    </element>
    <element type="ParticleEmitter2D">
        <attribute name="Texture" value="Texture2D;Textures/Editor/EditorIcons.png" />
        <attribute name="Image Rect" value="0 16 14 30" />
    </element>
    <element type="TileMap2D">
        <attribute name="Texture" value="Texture2D;Textures/Editor/EditorIcons.png" />
        <attribute name="Image Rect" value="224 0 238 14" />
    </element>
    <element type="Unknown">
        <attribute name="Texture" value="Texture2D;Textures/Editor/EditorIcons.png" />
        <attribute name="Image Rect" value="240 64 254 78" />
    </element>
    <element type="Filter">
        <attribute name="Texture" value="Texture2D;Textures/Editor/EditorIcons.png" />
        <attribute name="Image Rect" value="240 80 254 98" />
    </element>
    <element type="Lock">
        <attribute name="Texture" value="Texture2D;Textures/Editor/EditorIcons.png" />
        <attribute name="Image Rect" value="224 80 238 98" />
    </element>
    <element type="EditMove">
        <attribute name="Texture" value="Texture2D;Textures/Editor/EditorIcons.png" />
        <attribute name="Image Rect" value="0 96 30 126" />
    </element>
    <element type="EditRotate">
        <attribute name="Texture" value="Texture2D;Textures/Editor/EditorIcons.png" />
        <attribute name="Image Rect" value="32 96 62 126" />
    </element>
    <element type="EditScale">
        <attribute name="Texture" value="Texture2D;Textures/Editor/EditorIcons.png" />
        <attribute name="Image Rect" value="64 96 94 126" />
    </element>
    <element type="EditSelect">
        <attribute name="Texture" value="Texture2D;Textures/Editor/EditorIcons.png" />
        <attribute name="Image Rect" value="96 96 126 126" />
    </element>
    <element type="MoveSnap">
        <attribute name="Texture" value="Texture2D;Textures/Editor/EditorIcons.png" />
        <attribute name="Image Rect" value="128 96 158 126" />
    </element>
    <element type="RotateSnap">
        <attribute name="Texture" value="Texture2D;Textures/Editor/EditorIcons.png" />
        <attribute name="Image Rect" value="160 96 190 126" />
    </element>
    <element type="ScaleSnap">
        <attribute name="Texture" value="Texture2D;Textures/Editor/EditorIcons.png" />
        <attribute name="Image Rect" value="192 96 222 126" />
    </element>
    <element type="SnapScaleHalf">
        <attribute name="Texture" value="Texture2D;Textures/Editor/EditorIcons.png" />
        <attribute name="Image Rect" value="224 96 254 126" />
    </element>
    <element type="SnapScaleQuarter">
        <attribute name="Texture" value="Texture2D;Textures/Editor/EditorIcons.png" />
        <attribute name="Image Rect" value="0 128 30 158" />
    </element>
    <element type="RunUpdatePlay">
        <attribute name="Texture" value="Texture2D;Textures/Editor/EditorIcons.png" />
        <attribute name="Image Rect" value="32 128 62 158" />
    </element>
    <element type="RunUpdatePause">
        <attribute name="Texture" value="Texture2D;Textures/Editor/EditorIcons.png" />
        <attribute name="Image Rect" value="64 128 94 158" />
    </element>
    <element type="RevertOnPause">
        <attribute name="Texture" value="Texture2D;Textures/Editor/EditorIcons.png" />
        <attribute name="Image Rect" value="160 160 190 190" />
    </element>
    <element type="PickGeometries">
        <attribute name="Texture" value="Texture2D;Textures/Editor/EditorIcons.png" />
        <attribute name="Image Rect" value="96 128 126 158" />
    </element>
    <element type="PickLights">
        <attribute name="Texture" value="Texture2D;Textures/Editor/EditorIcons.png" />
        <attribute name="Image Rect" value="128 128 158 158" />
    </element>
    <element type="PickZones">
        <attribute name="Texture" value="Texture2D;Textures/Editor/EditorIcons.png" />
        <attribute name="Image Rect" value="160 128 190 158" />
    </element>
    <element type="PickRigidBodies">
        <attribute name="Texture" value="Texture2D;Textures/Editor/EditorIcons.png" />
        <attribute name="Image Rect" value="192 128 222 158" />
    </element>
    <element type="PickUIElements">
        <attribute name="Texture" value="Texture2D;Textures/Editor/EditorIcons.png" />
        <attribute name="Image Rect" value="224 128 254 158" />
    </element>
    <element type="FillPoint">
        <attribute name="Texture" value="Texture2D;Textures/Editor/EditorIcons.png" />
        <attribute name="Image Rect" value="0 160 30 190" />
    </element>
    <element type="FillWireFrame">
        <attribute name="Texture" value="Texture2D;Textures/Editor/EditorIcons.png" />
        <attribute name="Image Rect" value="32 160 62 190" />
    </element>
    <element type="FillSolid">
        <attribute name="Texture" value="Texture2D;Textures/Editor/EditorIcons.png" />
        <attribute name="Image Rect" value="64 160 94 190" />
    </element>
    <element type="AxisWorld">
        <attribute name="Texture" value="Texture2D;Textures/Editor/EditorIcons.png" />
        <attribute name="Image Rect" value="96 160 126 190" />
    </element>
    <element type="AxisLocal">
        <attribute name="Texture" value="Texture2D;Textures/Editor/EditorIcons.png" />
        <attribute name="Image Rect" value="128 160 158 190" />
    </element>
    <element type="Settings">
        <attribute name="Texture" value="Texture2D;Textures/Editor/EditorIcons.png" />
        <attribute name="Image Rect" value="112 16 126 30" />
    </element>
    <element type="RibbonTrail">
        <attribute name="Texture" value="Texture2D;Textures/Editor/EditorIcons.png" />
        <attribute name="Image Rect" value="176 16 190 30" />
    </element>
    <element type="ShowOrigin">
        <attribute name="Texture" value="Texture2D;Textures/Editor/EditorIcons.png" />
        <attribute name="Image Rect" value="192 160 222 190" />
    </element>
</elements>
