<element>
    <attribute name="Name" value="AttributeContainer" />
    <attribute name="Layout Mode" value="Vertical" />
    <attribute name="Layout Spacing" value="4" />
    <element type="BorderImage" style="EditorDivider" />
    <element type="Text">
        <attribute name="Name" value="TitleText" />
        <element>
            <attribute name="Name" value="IconsPanel" />
            <attribute name="Layout Mode" value="Horizontal" />
            <attribute name="Layout Spacing" value="2" />
            <element>
                <attribute name="Name" value="Spacer" />
            </element>
            <element type="Button">
                <attribute name="Name" value="ResetToDefault" />
                <attribute name="Min Size" value="16 16" />
                <attribute name="Max Size" value="16 16" />
                <attribute name="Layout Mode" value="Horizontal" />
                <element type="BorderImage">
                    <attribute name="Image Rect" value="128 32 144 48" />
                </element>
            </element>
        </element>
    </element>
    <element type="ListView">
        <attribute name="Name" value="AttributeList" />
        <attribute name="Clip Children" value="false" />
    </element>
</element>
