<?xml version="1.0"?>
<scene id="1">
	<attribute name="Name" value="" />
	<attribute name="Time Scale" value="1" />
	<attribute name="Smoothing Constant" value="50" />
	<attribute name="Snap Threshold" value="5" />
	<attribute name="Elapsed Time" value="0" />
	<attribute name="Next Replicated Node ID" value="5" />
	<attribute name="Next Replicated Component ID" value="4" />
	<attribute name="Next Local Node ID" value="16777223" />
	<attribute name="Next Local Component ID" value="16777242" />
	<attribute name="Variables" />
	<attribute name="Variable Names" value="" />
	<component type="Octree" id="1" />
	<component type="DebugRenderer" id="2" />
	<component type="PhysicsWorld" id="3" />
	<node id="16777217">
		<attribute name="Is Enabled" value="true" />
		<attribute name="Name" value="Zool" />
		<attribute name="Tags" />
		<attribute name="Position" value="0 0 0" />
		<attribute name="Rotation" value="1 0 0 0" />
		<attribute name="Scale" value="1 1 1" />
		<attribute name="Variables" />
		<component type="Zone" id="16777228">
			<attribute name="Bounding Box Min" value="-1000 -1000 -1000" />
			<attribute name="Bounding Box Max" value="1000 1000 1000" />
			<attribute name="Ambient Color" value="0 0 0 0" />
			<attribute name="Fog Color" value="1 1 1 1" />
			<attribute name="Fog Start" value="0" />
			<attribute name="Fog End" value="500" />
			<attribute name="Override Mode" value="true" />
			<attribute name="Ambient Gradient" value="true" />
		</component>
	</node>
	<node id="16777218">
		<attribute name="Is Enabled" value="true" />
		<attribute name="Name" value="Light" />
		<attribute name="Tags" />
		<attribute name="Position" value="0 6.4411 0" />
		<attribute name="Rotation" value="1 0 0 0" />
		<attribute name="Scale" value="1 1 1" />
		<attribute name="Variables" />
		<component type="Light" id="16777229">
			<attribute name="Length" value="70" />
			<attribute name="Range" value="25" />
			<attribute name="Light Shape Texture" value="TextureCube;" />
		</component>
	</node>
	<node id="16777219">
		<attribute name="Is Enabled" value="true" />
		<attribute name="Name" value="Pool" />
		<attribute name="Tags" />
		<attribute name="Position" value="0 0 0" />
		<attribute name="Rotation" value="1 0 0 0" />
		<attribute name="Scale" value="10 4 10" />
		<attribute name="Variables" />
		<component type="StaticModel" id="16777230">
			<attribute name="Model" value="Model;Models/Pool.mdl" />
			<attribute name="Material" value="Material;" />
		</component>
		<component type="RigidBody" id="16777231" />
		<component type="CollisionShape" id="16777232">
			<attribute name="Shape Type" value="TriangleMesh" />
			<attribute name="Model" value="Model;Models/Pool.mdl" />
		</component>
	</node>
	<node id="4">
		<attribute name="Is Enabled" value="true" />
		<attribute name="Name" value="" />
		<attribute name="Tags" />
		<attribute name="Position" value="1.79895 -3.9522 1.60575" />
		<attribute name="Rotation" value="0.92388 0 0.382683 0" />
		<attribute name="Scale" value="1 1 1" />
		<attribute name="Variables" />
		<node id="16777220">
			<attribute name="Is Enabled" value="true" />
			<attribute name="Name" value="" />
			<attribute name="Tags" />
			<attribute name="Position" value="-0.0751562 0.115484 -1.60575" />
			<attribute name="Rotation" value="1 0 0 0" />
			<attribute name="Scale" value="1 1 1" />
			<attribute name="Variables" />
			<component type="StaticModel" id="16777233">
				<attribute name="Model" value="Model;Models/Line.mdl" />
				<attribute name="Material" value="Material;Materials/Colors/Yellow.xml" />
			</component>
			<component type="RigidBody" id="16777234">
				<attribute name="Physics Rotation" value="0.92388 0 0.382683 0" />
				<attribute name="Physics Position" value="0.610366 -3.83672 0.523457" />
			</component>
			<component type="CollisionShape" id="16777235">
				<attribute name="Shape Type" value="TriangleMesh" />
				<attribute name="Model" value="Model;Models/Line.mdl" />
			</component>
		</node>
		<node id="16777222">
			<attribute name="Is Enabled" value="true" />
			<attribute name="Name" value="" />
			<attribute name="Tags" />
			<attribute name="Position" value="-0.0751562 0.377083 0.286509" />
			<attribute name="Rotation" value="1 0 0 0" />
			<attribute name="Scale" value="0.2 0.2 0.2" />
			<attribute name="Variables" />
			<component type="StaticModel" id="16777239">
				<attribute name="Model" value="Model;Models/Box.mdl" />
				<attribute name="Material" value="Material;Materials/Colors/Blue.xml" />
			</component>
			<component type="CollisionShape" id="16777240" />
			<component type="RigidBody" id="16777241">
				<attribute name="Physics Rotation" value="0.92388 0 0.382683 0" />
				<attribute name="Physics Position" value="1.94839 -3.57512 1.86149" />
				<attribute name="Mass" value="1" />
				<attribute name="Collision Layer" value="3" />
			</component>
		</node>
		<node id="16777221">
			<attribute name="Is Enabled" value="true" />
			<attribute name="Name" value="" />
			<attribute name="Tags" />
			<attribute name="Position" value="-0.0751562 0.152199 0.275524" />
			<attribute name="Rotation" value="1 0 0 0" />
			<attribute name="Scale" value="1 1 1" />
			<attribute name="Variables" />
			<component type="StaticModel" id="16777236">
				<attribute name="Model" value="Model;Models/Platform.mdl" />
				<attribute name="Material" value="Material;Materials/Colors/Green.xml" />
			</component>
			<component type="RigidBody" id="16777237">
				<attribute name="Physics Rotation" value="0.92388 0 0.382683 0" />
				<attribute name="Physics Position" value="1.94063 -3.8 1.85372" />
			</component>
			<component type="CollisionShape" id="16777238">
				<attribute name="Shape Type" value="TriangleMesh" />
				<attribute name="Model" value="Model;Models/Platform.mdl" />
			</component>
		</node>
	</node>
</scene>
