<?xml version="1.0"?>
<scene id="1">
	<attribute name="Name" value="" />
	<attribute name="Time Scale" value="1" />
	<attribute name="Smoothing Constant" value="50" />
	<attribute name="Snap Threshold" value="5" />
	<attribute name="Elapsed Time" value="2158.32" />
	<attribute name="Next Replicated Node ID" value="46" />
	<attribute name="Next Replicated Component ID" value="113" />
	<attribute name="Next Local Node ID" value="16783421" />
	<attribute name="Next Local Component ID" value="16784027" />
	<attribute name="Variables" />
	<attribute name="Variable Names" value="" />
	<component type="Octree" id="1" />
	<component type="DebugRenderer" id="2" />
	<component type="PhysicsWorld" id="9" />
	<node id="16777217">
		<attribute name="Is Enabled" value="true" />
		<attribute name="Name" value="AmbientLight" />
		<attribute name="Tags" />
		<attribute name="Position" value="0 1.31427 0" />
		<attribute name="Rotation" value="1 0 0 0" />
		<attribute name="Scale" value="1 1 1" />
		<attribute name="Variables" />
		<component type="Zone" id="16777228">
			<attribute name="Bounding Box Min" value="-1000 -1000 -1000" />
			<attribute name="Bounding Box Max" value="1000 1000 1000" />
			<attribute name="Ambient Color" value="0 0 0 0" />
			<attribute name="Fog Color" value="1 1 1 1" />
			<attribute name="Fog Start" value="0" />
			<attribute name="Fog End" value="500" />
			<attribute name="Fog Height Scale" value="10" />
			<attribute name="Override Mode" value="true" />
			<attribute name="Ambient Gradient" value="true" />
		</component>
	</node>
	<node id="2">
		<attribute name="Is Enabled" value="true" />
		<attribute name="Name" value="" />
		<attribute name="Tags" />
		<attribute name="Position" value="0 5.92786 0" />
		<attribute name="Rotation" value="1 0 0 0" />
		<attribute name="Scale" value="1 1 1" />
		<attribute name="Variables" />
		<component type="Light" id="59">
			<attribute name="Color" value="0.8 0.8 0.9 1" />
			<attribute name="Brightness Multiplier" value="0.5" />
			<attribute name="Temperature" value="9000" />
			<attribute name="Radius" value="5" />
			<attribute name="Range" value="70" />
			<attribute name="Light Shape Texture" value="TextureCube;" />
		</component>
	</node>
	<node id="24">
		<attribute name="Is Enabled" value="true" />
		<attribute name="Name" value="Pool" />
		<attribute name="Tags" />
		<attribute name="Position" value="0 0 0" />
		<attribute name="Rotation" value="1 0 0 0" />
		<attribute name="Scale" value="10 4 10" />
		<attribute name="Variables" />
		<component type="StaticModel" id="56">
			<attribute name="Model" value="Model;Models/Pool.mdl" />
			<attribute name="Material" value="Material;" />
		</component>
		<component type="CollisionShape" id="57">
			<attribute name="Shape Type" value="TriangleMesh" />
			<attribute name="Model" value="Model;Models/Pool.mdl" />
		</component>
		<component type="RigidBody" id="58">
			<attribute name="Collision Layer" value="2" />
		</component>
		<node id="25">
			<attribute name="Is Enabled" value="true" />
			<attribute name="Name" value="LeftSideLight" />
			<attribute name="Tags" />
			<attribute name="Position" value="0 -0.5 -1" />
			<attribute name="Rotation" value="1 0 0 0" />
			<attribute name="Scale" value="0.1 0.25 0.1" />
			<attribute name="Variables" />
			<component type="Light" id="60">
				<attribute name="Light Type" value="Spot" />
				<attribute name="Range" value="20" />
				<attribute name="Spot FOV" value="90" />
			</component>
		</node>
		<node id="26">
			<attribute name="Is Enabled" value="true" />
			<attribute name="Name" value="RightSideLight" />
			<attribute name="Tags" />
			<attribute name="Position" value="0 -0.5 1" />
			<attribute name="Rotation" value="-6.33815e-08 1 0 0" />
			<attribute name="Scale" value="0.1 0.25 0.1" />
			<attribute name="Variables" />
			<component type="Light" id="61">
				<attribute name="Light Type" value="Spot" />
				<attribute name="Range" value="20" />
				<attribute name="Spot FOV" value="90" />
			</component>
		</node>
		<node id="27">
			<attribute name="Is Enabled" value="true" />
			<attribute name="Name" value="TopSideLight" />
			<attribute name="Tags" />
			<attribute name="Position" value="1 -0.5 0" />
			<attribute name="Rotation" value="0.707107 0 -0.707107 0" />
			<attribute name="Scale" value="1 1 1" />
			<attribute name="Variables" />
			<component type="Light" id="62">
				<attribute name="Light Type" value="Spot" />
				<attribute name="Range" value="20" />
				<attribute name="Spot FOV" value="90" />
			</component>
		</node>
		<node id="28">
			<attribute name="Is Enabled" value="true" />
			<attribute name="Name" value="BottomSideLight" />
			<attribute name="Tags" />
			<attribute name="Position" value="-1 -0.5 0" />
			<attribute name="Rotation" value="0.707107 0 0.707107 0" />
			<attribute name="Scale" value="1 1 1" />
			<attribute name="Variables" />
			<component type="Light" id="63">
				<attribute name="Light Type" value="Spot" />
				<attribute name="Range" value="20" />
				<attribute name="Spot FOV" value="90" />
			</component>
		</node>
	</node>
	<node id="44">
		<attribute name="Is Enabled" value="true" />
		<attribute name="Name" value="" />
		<attribute name="Tags" />
		<attribute name="Position" value="0 -0.05 5" />
		<attribute name="Rotation" value="1 0 0 0" />
		<attribute name="Scale" value="1 1 1" />
		<attribute name="Variables" />
		<component type="StaticModel" id="107">
			<attribute name="Model" value="Model;Models/Circle.mdl" />
			<attribute name="Material" value="Material;Materials/Colors/Orange.xml" />
		</component>
		<component type="RigidBody" id="108">
			<attribute name="Physics Position" value="0 -0.05 5" />
		</component>
		<component type="CollisionShape" id="109">
			<attribute name="Shape Type" value="TriangleMesh" />
			<attribute name="Model" value="Model;Models/Circle.mdl" />
		</component>
	</node>
	<node id="43">
		<attribute name="Is Enabled" value="true" />
		<attribute name="Name" value="Arrow" />
		<attribute name="Tags" />
		<attribute name="Position" value="0 -3.86994 0" />
		<attribute name="Rotation" value="0.707107 0 0.707107 0" />
		<attribute name="Scale" value="1 1 1" />
		<attribute name="Variables" />
		<component type="StaticModel" id="104">
			<attribute name="Model" value="Model;Models/Arrow.mdl" />
			<attribute name="Material" value="Material;Materials/Colors/Orange.xml" />
		</component>
		<component type="CollisionShape" id="105">
			<attribute name="Size" value="0.3 0.02 0.3" />
		</component>
		<component type="RigidBody" id="106">
			<attribute name="Physics Rotation" value="0.707107 0 0.707107 0" />
			<attribute name="Physics Position" value="0 -3.86994 0" />
			<attribute name="Mass" value="10" />
			<attribute name="Friction" value="0.75" />
			<attribute name="Rolling Friction" value="1" />
		</component>
	</node>
	<node id="39">
		<attribute name="Is Enabled" value="true" />
		<attribute name="Name" value="PlatformRed" />
		<attribute name="Tags" />
		<attribute name="Position" value="0 -3.87876 5" />
		<attribute name="Rotation" value="1 0 0 0" />
		<attribute name="Scale" value="1 1 1" />
		<attribute name="Variables" />
		<component type="StaticModel" id="92">
			<attribute name="Model" value="Model;Models/Platform.mdl" />
			<attribute name="Material" value="Material;Materials/Colors/Yellow.xml" />
		</component>
		<component type="RigidBody" id="93">
			<attribute name="Physics Position" value="0 -3.87876 5" />
			<attribute name="Friction" value="1" />
			<attribute name="Rolling Friction" value="1" />
		</component>
		<component type="CollisionShape" id="94">
			<attribute name="Size" value="0.6 0.22 0.6" />
		</component>
	</node>
	<node id="20">
		<attribute name="Is Enabled" value="true" />
		<attribute name="Name" value="Box" />
		<attribute name="Tags" />
		<attribute name="Position" value="-2.39592 -2.89532 0.0227184" />
		<attribute name="Rotation" value="0.999974 -5.83056e-09 0.00724853 -8.95769e-09" />
		<attribute name="Scale" value="0.1 0.1 0.1" />
		<attribute name="Variables" />
		<component type="StaticModel" id="46">
			<attribute name="Model" value="Model;Models/Box.mdl" />
			<attribute name="Material" value="Material;Materials/Colors/Green.xml" />
		</component>
		<component type="RigidBody" id="47">
			<attribute name="Physics Rotation" value="0.999974 -5.82612e-09 0.00724518 -8.96205e-09" />
			<attribute name="Physics Position" value="-2.39592 -2.89532 0.0227184" />
			<attribute name="Mass" value="1" />
			<attribute name="Friction" value="0.75" />
			<attribute name="Rolling Friction" value="0.75" />
			<attribute name="Linear Damping" value="0.75" />
			<attribute name="Angular Damping" value="0.75" />
			<attribute name="Collision Layer" value="3" />
		</component>
		<component type="CollisionShape" id="48" />
	</node>
	<node id="45">
		<attribute name="Is Enabled" value="true" />
		<attribute name="Name" value="PlatformRed" />
		<attribute name="Tags" />
		<attribute name="Position" value="-2.36356 -3.87876 0" />
		<attribute name="Rotation" value="1 0 0 0" />
		<attribute name="Scale" value="1 1 1" />
		<attribute name="Variables" />
		<component type="StaticModel" id="110">
			<attribute name="Model" value="Model;Models/Platform.mdl" />
			<attribute name="Material" value="Material;Materials/Colors/Red.xml" />
		</component>
		<component type="RigidBody" id="111">
			<attribute name="Physics Position" value="-2.36356 -3.87876 0" />
			<attribute name="Friction" value="1" />
			<attribute name="Rolling Friction" value="1" />
		</component>
		<component type="CollisionShape" id="112">
			<attribute name="Size" value="0.6 0.22 0.6" />
		</component>
	</node>
</scene>
